mean radius,mean texture,mean perimeter,mean area,mean smoothness,mean compactness,mean concavity,mean concave points,mean symmetry,mean fractal dimension,radius error,texture error,perimeter error,area error,smoothness error,compactness error,concavity error,concave points error,symmetry error,fractal dimension error,worst radius,worst texture,worst perimeter,worst area,worst smoothness,worst compactness,worst concavity,worst concave points,worst symmetry,worst fractal dimension,label
12.618241958893929,24.464256412580454,87.38990594014705,952.5063205451187,0.08022615118713754,0.03119002175407963,0.09149763408757668,0.034647197900864395,0.18510423508299734,0.06639121865675904,0.5048588187641105,1.0005122632969843,0.9475711210767458,6.802,0.0076588904871134865,0.05380363229385381,0.03111266505973399,0.0048962132732959214,0.018532612957450238,0.005365156391830738,17.66791920798377,18.10480661494366,110.81238135299088,1248.3271040872887,0.15262574986856461,0.04327,0.20387302055746004,0.15442203793767867,0.4090214905259182,0.1074485189391092,0
17.929651627023468,17.47742479517365,91.03679334560748,560.7314758288692,0.10132461946801022,0.19611354738611422,0.014319589145203333,0.08687667996950939,0.18479638866581086,0.06841017250709854,0.6640038549208073,1.1243730024721605,4.402588970117248,102.52953101986387,0.0036396222931958594,0.046870206728199686,0.038969055740126324,0.020419720186330575,0.007882,0.003623192076272273,14.3185610053549,21.760535826070242,50.41,767.5453055174462,0.12720737121766001,0.08224373643221815,0.0993698797985123,0.1720032765611549,0.28263400180065956,0.10455899900711779,1
14.453970307167562,19.18132356527565,54.40761790944923,143.5,0.09297904957638907,0.06729842442432347,0.14343384098041048,0.09136806733469394,0.1754999794501446,0.06498720236701422,0.14119923080057067,1.3286238580335368,0.757,57.82341718737206,0.009898373627151041,0.00371,0.00818358338693582,0.01458053175232195,0.022095371843436896,0.004243043958786288,10.962832706350763,34.49282403741357,121.02984203030381,1006.2584582299115,0.15104271513826345,0.36375690111093983,0.40932830523322455,0.11177857979650739,0.2727992345465607,0.05504,1
20.245939822099285,13.459235975373549,103.02256694143504,623.4228352857629,0.08454901572582706,0.07621711620554782,0.0,0.07977238620165991,0.17607574900467116,0.06578962710797302,0.7952956278495227,1.3891579699343022,0.757,99.32449585233954,0.006659306637986027,0.025980240772278368,0.011623701654160228,0.011457355747684795,0.015604413551661842,0.001785559925547055,13.059929614695848,32.56704191878436,145.15097762811095,386.4687337910936,0.11508872760831229,0.2878258512233014,0.06704783590834097,0.06668589053499928,0.32733039058969343,0.11921628252111524,1
14.555482500556144,20.274390323832154,98.12835250920843,502.71800147434243,0.10143882534441279,0.1023911355245834,0.13472233378431012,0.05614662285929441,0.2130402416740064,0.06744817996633067,0.49712426563473505,0.95495031118852,6.58430877585172,129.08504967387958,0.01074819673603968,0.04089474490873854,0.002819813163034374,0.012269265853222258,0.042303530314070484,0.002320840544543144,12.110755448510776,27.4047099507973,50.41,1079.5465178459663,0.13543161358169642,0.15370563624204486,0.5717921172950083,0.06397037820720063,0.3035368040694834,0.06598424739287613,0
17.264726878709563,12.123728003495048,136.34066370394427,371.4467008588393,0.10589570559613373,0.19114955314837995,0.1693054353022383,0.0,0.24923582694354252,0.07395106471703239,0.9177877636346857,0.7459729896984987,2.0312822208536123,7.102220180650908,0.008532196804393929,0.038318108028798196,0.022105572449273244,0.019574173139721672,0.027884699526691682,0.004202695881285925,14.875165010752099,12.49,89.22367155234684,1549.3230314174184,0.08409,0.21121681606284723,0.047782136792057436,0.10959901423174104,0.3044307324740085,0.08969035296395797,0
13.354935119595462,19.410199407911175,117.35004482210506,1117.8012456499812,0.09025258172271372,0.18822932242738716,0.09548122624832577,0.08662188245102993,0.19141483648820248,0.05895713075603683,0.5282938865864559,1.3702954109665948,2.785475801027242,66.77897361463882,0.004462969013643527,0.03034232909286912,0.05040623335283022,0.004134274240370605,0.018627209466310878,0.0049572592564838674,25.499685553312634,23.187950931336417,89.90186840755078,1816.7157740503515,0.10746751496351421,0.338710657228852,0.28682262501991096,0.23937474588951987,0.34642756812033354,0.08702859635594162,1
12.72610247066898,20.657395943187833,58.13840146303408,672.3929670412521,0.09624010230468505,0.10958342701395324,0.0,0.10738803722818376,0.14537863676468363,0.07600108002321822,0.2762699057955258,1.2377533586646967,2.1969818155410725,6.802,0.01059938789168603,0.02729732088122898,0.07974743233513676,0.0071481977546848435,0.01440155254924631,0.006620225072099106,9.147078381562933,37.17327117167861,167.39250059829098,185.2,0.16754998318136577,0.37539970671498335,0.2612039538134659,0.14899721695087825,0.360505246956155,0.09117602105435461,1
14.548158699438773,19.55672079924608,71.78064552460528,649.4099848942888,0.09365135825657309,0.11547294605792399,0.0,0.04819101770296457,0.15310671516956892,0.05895948132067622,0.36834282249299555,0.7507886812818185,6.129719131094658,86.73136727431778,0.010635191111460465,0.05147025601584313,0.009637223590519352,0.013923078786423073,0.021658481188094558,0.0041120651183805795,18.468086713061382,22.07654261395849,61.58940013945624,475.1186344547239,0.1188990567288268,0.21188619778181988,0.3317318336772491,0.05936249996657109,0.21897532928361943,0.07693494390746151,0
14.86897923564494,12.461382063055328,88.39719640208504,600.3166486646294,0.09001279911859075,0.12829265229675002,0.16158791366651704,0.0415535106406048,0.19313101648113398,0.057977920301699376,0.34737766323427877,1.487517038391574,0.757,20.154554171980852,0.005450378513157237,0.00371,0.05118971901546694,0.024163214324103403,0.040557937460365526,0.006333886813390652,17.874230071174303,27.75540592798449,103.28860149938896,319.95618881594993,0.09443954234295289,0.3716164805817819,0.3057471274110619,0.04075828929265309,0.2079238644787319,0.08459516623943764,0
11.482997755032923,21.311599235474695,90.8125909290202,143.5,0.08357738005602208,0.10080121914480372,0.049047589232927256,0.04122300586773082,0.16614299944242927,0.05684826830088252,1.043080493483257,0.5017900401622499,3.482069788025844,33.282964990731436,0.005371960306106541,0.03002829826599464,0.04894102418126286,0.012501439660669036,0.013513551828411954,0.0033854257125846485,12.345501326927861,22.097770230944057,118.5433788539406,1346.8757272574687,0.10639494006564354,0.22796385946625158,0.006426839903806056,0.12577335188345,0.2522655055380089,0.09942377727962534,1
15.409773218207409,14.81928455673701,98.96371013750598,443.1690862120599,0.0910300688197282,0.0265,0.08369394025950032,0.06210465583733949,0.16087370541853158,0.060092052367974956,0.1115,1.450813296298465,5.340812575494464,72.65937609791112,0.003891873662560174,0.018302631175202654,0.0,0.009980232628522007,0.03353318185321938,0.0017590126095350556,21.32397457388388,24.741981937993806,80.61689841378221,275.26349482202517,0.13881817335717853,0.29307464543119993,0.20191206065157175,0.07979452812552205,0.2830338864746364,0.06928787652801568,0
11.52486521613867,15.724343033694508,66.46839540112447,795.0821947734844,0.11003283865374741,0.12877736041893062,0.1691038114036533,0.0,0.17834283233776665,0.061577740708771665,0.759466268789127,0.7038659060457846,0.848593417853727,108.5861246040592,0.0061755475223386576,0.037713384712074666,0.05427842459474678,0.004887271359172925,0.02848050332301082,0.0026884282108523313,27.65729013585154,25.969169546507473,104.44505640010144,185.2,0.1393168694604824,0.04327,0.244775626336046,0.0,0.2817092113592493,0.07493815383908259,1
17.20702750456253,20.93415834377174,74.77909605190648,896.0197801584628,0.10380065933913622,0.13761205304182875,0.022906611046126887,0.08788178980071264,0.2061522234085273,0.06659848834781097,0.11353793026488458,0.6234654648147718,1.833364389889,34.81472103284202,0.0043351880766600934,0.03909153704591328,0.023152866943771045,0.007187083618399088,0.017807897883174634,0.0070306389873772725,9.13752872741717,30.55929850599418,133.29338110012446,1570.0202246631936,0.12821436053791616,0.04327,0.2427134818968902,0.0,0.34601571558130123,0.09842796991657264,0
13.613615636480159,24.640729679735177,54.16951515956285,653.6813060795479,0.10144443165356785,0.16668636148963306,0.16569191469919334,0.10813417254358726,0.1890893864602411,0.0722736886081603,0.2181635199301209,1.7774467167151373,3.3777076299634405,6.802,0.007983943822712648,0.010650019398264751,0.025276084728030328,0.010114053554981954,0.0327904170822998,0.003330142023116385,13.96499064978348,21.674550941264517,120.69348980516874,1272.975876131963,0.15967072328461698,0.33949402427711695,0.438655578888097,0.009031084238716245,0.31811148878344897,0.07786127085910546,1
6.981,22.042853543140268,80.49086158297341,930.5352609247632,0.08358852709344701,0.1846916907154471,0.038522511448537015,0.08378204235525623,0.21816940638077473,0.06438844734825273,0.5911911591421414,1.391726307474034,3.7115300716040465,30.49621296055644,0.006545718137401745,0.028335418284300556,0.014023436989004481,0.011410052732155538,0.011584892421015817,0.0024158661389951344,12.709205105486811,31.870741726180317,114.49950458501462,617.5795545127921,0.14193673565445933,0.41599919375024985,0.22559890804757451,0.1383440489408346,0.2212628238043036,0.0665588840966872,0
15.107295668234055,16.449331602941896,117.47116117414717,143.5,0.09721462687898842,0.12137489715398526,0.11815389242529711,0.012815509838761367,0.14692309867071932,0.06076701543821303,0.8260252265912006,1.167630886134825,5.1009267487242855,6.802,0.010161519519195111,0.00371,0.06618296937060365,0.011610426164549778,0.029634652818230262,0.0061132289954028895,22.62170383013888,32.98191829730641,131.75309577839226,522.8052108692452,0.13523961192111486,0.158387787723988,0.06987978894331862,0.11277848693054936,0.3211249048146151,0.07434288715694866,0
14.468833462473876,10.44853392110891,109.62315590522337,899.7190511950897,0.1122388965257862,0.07252377714044798,0.1715868405548316,0.07068563045423058,0.20035481892882803,0.06294936910073635,0.9861871842045609,1.3573288084774087,3.6188963863673007,33.084734267115266,0.006939910589227274,0.023587232649652522,0.042949978700288,0.012708219298713085,0.013443966571802565,0.004627806874798082,22.541034570908796,16.079439506805095,127.24473489411906,520.0787898672938,0.11813743309322197,0.14968701022205133,0.34940471221376834,0.1809644991490619,0.28073968606361044,0.07435945009644841,0
14.652263085560866,13.004690241644857,112.59668987950519,308.42388270342116,0.08733590917950532,0.18286487570902027,0.0,0.02167421932489652,0.18835135794023417,0.059088904451511506,0.13975164925321365,2.4965307904374314,2.999321681714528,63.48060007509779,0.013968433554289483,0.0389840155815743,0.03933529402188888,0.016367094595976423,0.008212066049049864,0.0037286404832496205,19.201578017578306,29.258574145367604,97.92427640738941,493.64846066555964,0.10598859142911829,0.3799622494873018,0.5094067220535895,0.11770000096414467,0.3479627224465287,0.06747728639296677,0
14.128541971549044,19.202737844685014,138.5941825090913,944.0760287281125,0.07576062846909278,0.042846282766655475,0.08032991645790231,0.03629624403736263,0.1341705954500666,0.0635071231447938,0.36422469772768323,1.3920393880598243,2.1903469645940836,90.02678400205448,0.009317298369194087,0.024396789947629584,0.005279819750818208,0.00983696237927243,0.03134510342603054,0.002411940071243013,17.294537665553758,23.605412640243117,86.78496233809572,1491.5812894975318,0.14993061290940388,0.422486039467609,0.0,0.07288936013330409,0.3791995656821983,0.084056647173587,1
9.474740870835154,16.227962847240512,104.66804163552216,735.5531586538553,0.12293321952476874,0.11972777692496302,0.09529497466873214,0.0,0.2480585618361699,0.05595508147997684,0.7706282386301834,0.5969118874650101,6.277847779518009,7.358114076235111,0.0034588249536114343,0.00371,0.06102096236858996,0.01825082888335734,0.02657653993750396,0.009227011657073635,21.902696415917642,30.765750499927748,57.30451688726545,1143.7884425302072,0.13181169509742557,0.16101839978984986,0.38929268910966547,0.17622280611610125,0.3261104593613817,0.0658089076793402,1
8.2723312731349,15.432371301799474,58.64451977986556,849.3747324339632,0.1247921948099346,0.050069904216434404,0.029451915879151077,0.014282731167344704,0.17619993515352975,0.07028450362492637,0.5353283074411109,2.7504359058845287,4.863677816067987,40.76573507180578,0.007309764859190402,0.01858972735529338,0.018563414932529273,0.0030579464024618557,0.016595405683064786,0.0027450608822290113,17.47349578602572,21.322578757281665,126.88954687777625,595.1551372256575,0.11452553351528065,0.2976568626170948,0.25881187273729656,0.291,0.23750563201201708,0.10194102884395079,1
23.50605885793137,22.239054424616384,73.10164003369627,849.4641283437114,0.068339968766868,0.08436182286922543,0.14225894286674598,0.09348167548516799,0.19075701572925383,0.059910154145375455,0.6403313949574778,0.5358691822637195,3.3377128197665584,65.62674535983409,0.00583283068959964,0.020333371120490225,0.05164494801796366,0.013282204973147657,0.020853515279137928,0.006058419731753016,24.943468224366235,32.223675770855095,84.95355385243799,577.5735142755942,0.11619096814511902,0.4105087794282209,0.5141327517798302,0.13039273380871744,0.27219743117745765,0.08862440617436149,0
13.929437889700722,10.876123893516827,94.33397217623722,398.9710874532284,0.10235558940975686,0.10495664280128529,0.11122634834926319,0.07576096725303683,0.1712010615174017,0.05224247719582445,0.36124927103644217,0.951690834574603,5.874998886561486,6.802,0.002667,0.012318458734329994,0.04332207689578983,0.014889054510932033,0.018085379635589354,0.004010174554923329,11.91809127371225,31.7825818473897,100.89149267036665,1365.2025434331674,0.11208489050827135,0.2500760492917398,0.3231451928192547,0.0,0.29757649674499614,0.07836731758618415,0
17.247474722382286,17.071223113653748,95.5934234951989,343.1111976039308,0.10426911242072741,0.06890672753443203,0.11751029199052965,0.04151801800742584,0.21506050577289174,0.06020884412515365,0.6264772658805372,1.7017044925450695,1.8791181697358141,6.802,0.006277169280545523,0.0209153997019506,0.05833522398842022,0.021403621777528855,0.0174213751022114,0.0022258821444472096,7.93,20.103210959142324,71.07100677286157,685.0727621831528,0.1311887506925338,0.04327,0.19715522759387172,0.08904310715045619,0.34119778286752683,0.09762392801183872,0
19.23841893167318,30.067659576622404,116.5379292580091,978.2114431736418,0.10050918186916498,0.0265,0.057929888079146626,0.030706440356197365,0.16168981532916787,0.06217643242070023,0.5439066644286691,1.3724655679806916,6.12923193548292,128.45009041122245,0.002667,0.01976611903102275,0.02329768220741807,0.0021719559076139707,0.007882,0.002944679466930828,14.188308417979632,33.80431838758693,187.4811527200478,930.9838950589092,0.15372793823126837,0.29549975204018203,0.27348795588976854,0.10631528953071138,0.2500869786068385,0.11779942125545301,1
21.308131624870004,19.411435096715117,103.98958233045734,1041.8317243376628,0.08700264664800696,0.14546329305998798,0.05042158311073082,0.0,0.23030146356202408,0.061047709856345826,1.1508342350799667,1.5283700383617342,4.46530923916535,123.92989596585913,0.011303966378996968,0.013276730813456223,0.025823309118138037,0.007460339203716753,0.017724772640568286,0.005847847447253644,14.562967774221148,23.86857423207588,69.08291853724843,1131.336772226956,0.13628291102707635,0.41637618499811624,0.4796837524419038,0.045679129551635396,0.2917464725630855,0.08275105469892702,1
14.229075282654454,16.159792237951567,88.2749661219227,802.1111956983698,0.1256115150167685,0.1844280823276451,0.1211734929348223,0.0,0.18408472357501712,0.06192226886910346,0.580058334649863,1.348976680532593,2.307270014578845,49.77214940288042,0.007437940772164411,0.04418353416374836,0.052519945653506504,0.009009771143144319,0.010772051385584418,0.005263131967387656,8.62061290359374,31.608029140796305,115.81843038012198,2223.835794453007,0.10800185297267055,0.38924148194665475,0.0,0.149639013824443,0.22472752640158147,0.08149323973322037,0
17.651003307003528,16.70482132228411,112.09511175228822,580.40433248069,0.10148125794999228,0.1677906006795626,0.0,0.05030557238523116,0.1475457071418748,0.05639618819886839,0.3732608217302646,1.4908435652570122,2.7018766138938872,6.802,0.005894559255717261,0.0299876383619399,0.03968971950621892,0.010660878415263903,0.03182755878221732,0.0009502,15.729719188256247,27.7243049163522,164.32313129593396,2037.752677174751,0.1288051566879464,0.2266241505101988,0.47733212064064895,0.1254326493191082,0.2668917273523222,0.1038627335133995,1
11.527769912356085,15.42289429140267,97.82041147409839,363.37837431299783,0.09993338419440785,0.17054863672996967,0.04395224883076888,0.08379537456894644,0.23512150795617703,0.05178701530471495,0.12871614309433174,0.9757903496148777,2.032048960445167,89.41843618218995,0.009324300955892574,0.03014195948511339,0.000999251385733117,0.011343284996378745,0.02117716738464334,0.005620220931018575,16.964682861556465,33.74055136172034,84.5005937742805,1116.7671037043608,0.10331256954616617,0.20564111003481048,0.27121719980402964,0.09558126072805842,0.2518125159680927,0.09111920009004533,0
14.445600069996082,24.12195981944738,112.30581963309045,1096.8257623046716,0.10703035944852717,0.19079450953130253,0.009291473026418858,0.05964846288408038,0.21812575321051442,0.06259412811206604,0.4661597124344875,1.6530291906963077,2.793042946635603,111.59718194475674,0.013084508264128223,0.005171848951438244,0.021462536182584004,0.005381942476473425,0.023523536338439045,0.005392734361392147,7.93,20.383411001846437,103.44175594883542,714.0774715821756,0.12036364471849438,0.4365513737437515,0.23389973685018592,0.15499012625932806,0.35275765632442196,0.07370768774535516,1
15.64325965153952,22.63381231302111,71.51791749755094,805.433305864511,0.10683169154477985,0.15868724473825885,0.12202413870298588,0.0,0.19280177396343554,0.05831035888151555,0.35825518039859916,0.997155235926841,2.129499343992455,13.584819636629652,0.012612867837411192,0.021911102661303656,0.03189139023093523,0.009331511633462842,0.021318403854164805,0.004693830715869373,14.14028431190179,31.88923323712192,126.06182177081621,784.2057635161038,0.10226482155626972,0.40322351955615787,0.15878414002536842,0.07099230239311802,0.28212688694519716,0.09458556420961405,0
13.514622950938037,25.87920224993674,59.738443177601255,227.01935165043747,0.09365004366247033,0.15241452486102353,0.11360828376611397,0.11832641944383106,0.2277035922929096,0.0599876521430297,0.1115,0.7210268766630884,3.9938933861136663,11.200068180133718,0.003825330541769433,0.03200073075863362,0.00919551978078535,0.007007614335244235,0.029241392903920922,0.006074903114726964,14.325672112550045,22.142462954358603,105.14330852883364,275.3000763235742,0.13012308765884695,0.1448893887978155,0.09593471930018577,0.041446566579722316,0.24205614626387087,0.11466932327100114,0
14.621391834452526,19.007245934416893,78.42880270639938,1071.273238155722,0.09646493155418392,0.11385092398917453,0.12905978748454808,0.08807603394391046,0.206123016026143,0.061635349330942085,0.7457198320971774,1.1302702081519242,3.1115975030168177,6.802,0.007773616567071966,0.015805025123799697,0.04194666516811505,0.014120165258566762,0.03944906624933607,0.002856660936972204,11.028377528514731,26.791350869164546,81.57844747676715,1406.458123619234,0.09948548862666982,0.12430789195608322,0.5718410917630858,0.17395451988758226,0.2933023378452521,0.06981736989800871,1
19.68008885679386,15.065941272526354,102.75757135419299,1429.485848342449,0.09816259855138548,0.12168886360888168,0.15029058973003062,0.017492331912447735,0.1383576233602985,0.061061772482399156,0.8434505849341005,1.6494233007805885,4.410935185154176,27.04054628603489,0.008110956982545221,0.022863546857155522,0.048923532686844545,0.007990389560662977,0.04121406319479973,0.004794205122936688,18.34931762198009,19.952630794403944,64.59053048546437,185.2,0.14801481750153594,0.34765587398248127,0.3963289799442601,0.15251170383982218,0.3507451267918875,0.07248515560520624,0
13.237696159819631,25.077963260809625,114.95420398279184,1359.1242450316759,0.0778498589723366,0.07201596804999703,0.08721880751397218,0.02447908308697685,0.18293506284968364,0.07313701514753199,0.7677328493099909,0.516749460608768,3.929770665023716,80.03043764797684,0.012616079768993255,0.0206360298962594,0.008708201840000988,0.013775936597027586,0.01143663785679017,0.0009502,17.142306071950593,21.436561153540126,124.31787534427106,695.7034538835848,0.10693958374487533,0.4719209581193603,0.6695125013731493,0.0697643268759252,0.22170850019935848,0.08566406785650524,0
17.294219205837216,20.67636799691974,106.71664796200761,299.79437458426963,0.09003913843461528,0.06519063467435245,0.22813104343071744,0.01397273159976287,0.19606967254487517,0.05969802309905627,0.15237348008940085,1.2135911763566292,5.87474407840989,103.72270489902179,0.007279875394785966,0.00371,0.02939924919150245,0.007577951948580927,0.016354186186175772,0.007061660060808123,14.724872922570766,24.31335837908157,93.62446204691203,1806.7256781525032,0.08409,0.46340583165581484,0.59632567750893,0.1621796677262932,0.2834224685189636,0.08465612132922815,1
15.500635026176546,21.662159116720588,77.40437882932208,937.267067337162,0.09074535313667181,0.0265,0.18385265217619814,0.030457888192897964,0.20975103419832505,0.05665374855028923,0.7814236389018493,2.140168249555066,2.2475474504174553,84.32827229655663,0.002706328588068169,0.02554154146276471,0.05051592108170382,0.02135253522662817,0.03023390422710681,0.0038849741079522203,21.6601651366778,29.059956626366258,99.96873803228041,291.27519310004266,0.12690395321416517,0.12404325976043344,0.5019386148412366,0.10626700440750114,0.32853989884979556,0.08000150909870399,0
17.780895813408673,13.99284176449217,127.16086224623902,342.5002816881606,0.08484552380127276,0.09175091455296677,0.23289442934312637,0.10339307078625698,0.23515752628661038,0.05870400082686154,0.1115,1.7995009583160726,3.3217789771554624,29.025748771020528,0.006073141503048469,0.03460836982593719,0.025336151049150542,0.0036263121834614782,0.01819732566665592,0.0009508044983476757,9.293025868171595,32.89468141380507,68.52483599364794,232.42452737150498,0.14490161501221077,0.5967764257867252,0.42203420296754196,0.17052141976287327,0.297036443830109,0.07753582771382803,0
16.944710723412516,20.183865284050125,95.25335982771801,546.5830051320141,0.10580572461854545,0.028556183345830537,0.1712034801560457,0.07606950377295998,0.17510998092736005,0.07139756939948175,0.9753047728133988,1.5360331149038897,0.757,71.13111772457155,0.007951176255521447,0.00371,0.041062639822121764,0.006522037508854342,0.02762593906581178,0.0015499843120097404,17.42803686821668,26.246604738582064,114.10735164269252,571.8303324955434,0.11420347524072186,0.25657927724247664,0.4123121886507045,0.09454831396262674,0.22290896154287082,0.07467422121057057,0
14.331056200656239,16.2337044921057,106.20238881197102,741.457632435458,0.1148805794039429,0.05138921463045959,0.2060450452879854,0.10331215195683674,0.1804892112607533,0.07017669342404391,0.2822178029072373,0.7228078170724941,3.6199402818792152,66.58713471601176,0.008243341601641599,0.032621805515255044,0.0,0.008212437419776893,0.010377917177993398,0.002253848449702987,16.211559664884035,23.803515197713395,197.864404686501,1184.6534612708758,0.13186194756111208,0.04327,0.22806132583518474,0.13782532734288933,0.23017302731118935,0.08603488642480027,1
13.08488067305593,18.37325741998335,96.39764314060696,849.721615375641,0.0915548848391799,0.02777486550368347,0.1706375850483965,0.09217206730476137,0.18661111551014126,0.07021009252380922,0.15470323833344451,0.914338168744431,5.750144088229166,55.56759712196951,0.006607942729048022,0.05537669433041114,0.0551792286986969,0.006828972704885576,0.018744457420392123,0.002610172985621086,10.522812495005581,24.61235461951959,67.60883722705461,968.4397522906435,0.12883347584820737,0.3369742912501357,0.0722593507717116,0.07684475524557907,0.25206124779479033,0.05504,1
11.99213137296273,26.09931416024882,106.30060592583136,567.374517712611,0.08168866261626569,0.07434945054390113,0.09950536394434129,0.10128939328456704,0.1614813490606339,0.05800128375780081,0.5633311522509714,1.751324195651511,0.757,94.23593903452756,0.005705549835321078,0.022020459489324948,0.07648779573591699,0.007160301803357618,0.017434245132195148,0.0031853966977913447,9.097307669340296,23.278765073643125,126.19355207084604,261.1939560603338,0.13992020495609403,0.16867684324675153,0.12635327214008216,0.1487041253167138,0.22830142885255572,0.08199679552160437,1
6.981,21.880064404353977,87.16632103730754,143.5,0.1025268252641113,0.11053983265189624,0.16969741898889618,0.0,0.14758164029889584,0.062125156049785905,0.3486710152198576,1.3602402640220819,0.757,81.13310721651975,0.006762738192720498,0.02288177075094288,0.044204257851896106,0.010939693434774519,0.03546446288131237,0.003137889069506057,17.49480270343612,26.41387337332781,75.7942292172412,1663.7158814717975,0.12869063788213578,0.06935710924988417,0.0,0.18295051638167445,0.3873898244925458,0.09706253561441555,1
13.532938772113253,14.819614016506153,108.85404402668084,1012.9984811613588,0.09810623780293723,0.12959062449189523,0.0,0.03699024417600175,0.18665333530969772,0.07030795758233473,0.11462664667670217,1.7671396405712207,2.172248236501666,107.56353534028132,0.005131332335146043,0.03193217341151317,0.021681832886971668,0.026214950891187284,0.010545917643911067,0.0009502,16.08077497476601,27.744636698083767,77.89212778302647,1169.355011710719,0.1424509810102795,0.3074804573262939,0.10844860241374372,0.12223125466135817,0.30549553458672546,0.08333307640948469,0
18.460224802130966,17.45439196453264,127.34736887712255,1706.912990134768,0.07638073259040004,0.03226222744437356,0.017187241273801297,0.07948132765945064,0.18491021728154458,0.05781934064146389,0.5961478315518893,2.5612279595957634,4.063465953152023,87.3164684279265,0.002667,0.00371,0.04906759705838775,0.010450887670730255,0.03441142692686834,0.004078455171796034,8.607128868831415,23.689157447423757,50.41,855.5636628849716,0.13588862706843222,0.21283414911553886,0.5221146504408737,0.12243488092967751,0.23831526556735477,0.10700115659566772,1
14.52573487012426,11.057338778687777,113.3664206313788,759.7186016698518,0.07882421525335893,0.15805611219733418,0.08500738512400796,0.09793475265245863,0.18263174367149004,0.06767085435608657,0.1115,0.3602,5.625976277541718,6.802,0.00851969646629066,0.019305214113287058,0.0582417820901137,0.01332250496449899,0.024769044686183128,0.0059470424902273835,14.496114200564499,29.083370671919138,151.38067711247862,185.2,0.10828613113519375,0.3932471929209247,0.6196547040448136,0.03722583973232604,0.25853842198310945,0.06086245846684771,0
12.04350517428435,18.9211772601138,76.48796882494672,1160.1613745377574,0.08071756565018659,0.13170969113253286,0.07313539811437461,0.06091224684010006,0.20629850751177056,0.06031299765912055,0.6048100465422558,1.9420795549082401,4.647023537796695,26.68544936762556,0.00456422601915583,0.018652408704650743,0.062320629869926335,0.012604191375417701,0.018636758382576196,0.004212235510240546,19.304798150227732,17.47447153517151,150.15869326982366,1824.3645270621641,0.12695001529386493,0.19046289559064922,0.42837943737845546,0.09683719441845244,0.3368692900443614,0.10030714806389776,1
16.095673793561527,25.96282217709658,146.70036275936823,1015.1174621060442,0.06429,0.13904448139115186,0.0,0.07700303879034981,0.21312896699000453,0.07561772333382466,0.669434485791124,0.8299447119963543,3.9156141045052006,15.67545996143356,0.0038940171524280524,0.010767655182950212,0.01607852794822334,0.016075322168755506,0.018454146426092714,0.0020934036686286045,16.06334789660865,28.921707595014336,66.51383696940881,185.2,0.09330962585136897,0.18538310854298087,0.2073933740704812,0.08882776131548253,0.3532832465251652,0.05504,0
20.39320721094592,20.0571141296356,89.004779320566,1133.1386883506261,0.08062543622706263,0.08332887243717765,0.09546516235007761,0.12202973550754989,0.15158655109468827,0.07134608495798826,0.1115,1.5327120067927809,6.884752701896158,48.18866932270238,0.005206765871604875,0.038715203232418456,0.050742355195646446,0.013516447364840358,0.02056046611687213,0.0027057985768480556,21.174385015859816,31.042711354479664,135.48396487751103,1740.1796329035774,0.16115869262995797,0.2670351223078727,0.2602026409227208,0.1454893823051226,0.34787622773514665,0.08023585558630436,1
11.598056915721045,24.02187993759238,86.88962714190095,301.57231021563274,0.09269445305715504,0.17794201877319815,0.015548714728961513,0.01576173207427294,0.19126965300553353,0.06247417438301226,0.1115,1.1564185904875104,3.265748994188252,6.802,0.008153916269727914,0.06727623506764045,0.08771437250602497,0.005368339559302149,0.021783273781316476,0.0009502,9.512643206654879,26.035200146088073,104.04029755239125,1570.7639479538088,0.1742848888530231,0.5227008550188084,0.2641437326249064,0.14200096989311425,0.3313455608939041,0.10123677819235109,0
15.852663061611882,24.73725823096028,130.04448247921886,143.5,0.06900775014814468,0.11690547071132341,0.028574708356437516,0.052664617616412356,0.16173486336188497,0.05941076347202203,0.1115,1.8776263476106063,5.749721817452974,64.28862066914613,0.007492299143252869,0.007228607603011887,0.04329873802732166,0.009424207249353953,0.017958341565680123,0.001071943666669591,15.95425179642869,31.847497919413915,132.54621252992627,1827.44887736636,0.1342958575964216,0.4321325832892302,0.36054424122457973,0.17550254490544237,0.2656857873533186,0.11321985069313462,1
17.08167792766126,26.38666379658795,98.64304124189599,1183.5171076713398,0.10970649110145264,0.05761260890903142,0.06456354531661977,0.05723024654015447,0.23148831443969725,0.06542645162429614,0.48437469434430974,1.798758482679495,4.102647670540825,116.5255913792856,0.01025883175788427,0.042559730048095074,0.030103586249658122,0.005007510344876867,0.020205473759771053,0.0038456036896634687,19.970070884646756,34.791136305894085,123.35737633579132,1189.1419314296086,0.17394004451688472,0.2989678180989725,0.16542685134965116,0.18067890226251634,0.2527527878430857,0.09242320472684866,0
19.33174788676432,23.802904428373633,88.62169338353218,449.67746915447634,0.08042287276191977,0.05800410513000492,0.10640714470908262,0.0057802836762297005,0.16251572513907586,0.054777122737517635,0.6660884060465972,0.49043618448468734,8.667743426413816,38.582707684559466,0.002667,0.026561143576475155,0.020271958448070667,0.0022774044675565584,0.009664867290218607,0.0082556812586902,12.557913483979245,22.59934224988524,131.6130828596877,185.2,0.1372381151539156,0.12287832486349874,0.19902510174890609,0.025514382824348626,0.31739862371494304,0.09278055358182632,1
12.31801491237956,19.508444988601443,108.02188565726196,378.25376479822006,0.090079218509109,0.09267796184158804,0.30764338515381356,0.07389868696514112,0.11984670333134333,0.05452735405715243,0.1331838022121399,1.515352332560721,5.283483800576137,7.571107216034655,0.0072231221462570215,0.025250416450219092,0.06685798170481486,0.01961725850944331,0.01743579050432982,0.00478177119330468,17.14558691769699,34.11588447039983,101.99703631494683,543.0075191823033,0.11705659522515699,0.04327,0.3253073758827039,0.04852862849589093,0.2737651841210223,0.10414037386955292,0
13.280580266359005,19.31890747931006,75.35045834289939,1172.692206948664,0.07916171498133312,0.21689330220464875,0.11812552339449554,0.04886844489015322,0.23941623745625265,0.06145578930528131,0.17592210171632564,1.5366567648390832,6.526621178388962,68.46262396943426,0.010534570242847744,0.04064271612177649,0.010990965988009376,0.015991126441056384,0.013682602984585613,0.0015298307560157166,20.16184530693413,33.12579928512815,103.56400731921359,1821.5316115067326,0.14945328391928087,0.4201867054095873,0.13060782438817795,0.1449321527612011,0.31189944140098896,0.07569118216772562,0
9.47671764047111,18.665031158450777,110.53381816937726,1310.8356998320799,0.10476747167201092,0.16311631029268317,0.22050673343150134,0.09726778747727724,0.17713439523672753,0.06597481601137174,0.23617455881466268,0.8036939892877999,0.757,48.718134704409245,0.008249879335497895,0.036567509282783,0.04490707965818508,0.004966875270818671,0.017013865216032393,0.003725312970025986,18.544098771091697,25.072371943580677,93.34994706459042,1019.1259828796161,0.13499433483794057,0.17870503326924128,0.4992263275375652,0.09555688902334787,0.24660855004729304,0.10636169047354019,0
17.61269192602064,20.498996435643765,65.71063625406104,647.6636051761794,0.10872656386550521,0.0427790598015702,0.010020567009175982,0.035351780582380275,0.1687058560653724,0.06294369927260163,0.6418815763646923,1.3625219155121395,2.3770259711907045,45.703358960524824,0.003765622402627338,0.01275316705814079,0.05317277954761283,0.00860676271528926,0.016088769376891333,0.0050903197152011035,24.06589724477734,22.95554056919446,85.1029672372214,1496.379060246268,0.14207741100581006,0.08368073353473485,0.38959454514118314,0.19690324253028527,0.21504365611972392,0.07254870736728862,0
19.739556209891212,26.13575372840435,66.87968280233368,171.09697675142257,0.08739153506492327,0.11158241748242669,0.10990715350718254,0.049483741217763604,0.2129487711354591,0.058464325149424644,0.7634717031352627,0.866390289879018,3.7726941241015925,86.26372705655845,0.006529255645206346,0.06169435037032916,0.02790756991976254,0.013673109308913418,0.02233889268406108,0.0029414173831967595,14.909409033564787,21.113749706441336,173.00834348202184,717.24984102663,0.12025832188116602,0.3232032523477233,0.35471887837248955,0.16154127651025882,0.3925012291915961,0.09072238645182398,0
15.761719604598417,18.03122097892739,74.16301520961275,214.53100157829476,0.10525420444538856,0.16710925588014988,0.17642214014921778,0.08099201084749459,0.1805247356181432,0.05675533623904302,0.24717873820739564,1.7956108725649356,4.094008343454451,6.802,0.012846045693029325,0.02892769543780105,0.052933225596738014,0.004109117299318914,0.012512653595014021,0.005330189059873175,12.942564352885963,19.849588313126976,65.60060250634275,459.0262018969816,0.14624732265518953,0.33963247460485074,0.3310691723858088,0.08851108868267785,0.2185818902748834,0.10357440076759691,0
14.97942121453787,21.232767818506268,59.887954824740305,365.1869409199904,0.10149369213456308,0.06495509000836892,0.0506668654047992,0.0500709683027524,0.1617128468111007,0.06351313582387214,0.6006572354227356,1.3866277142507613,1.7371140040234274,26.60558438260343,0.004605366895712769,0.025814514146954237,0.021097474201558667,0.011252156764368526,0.03125089466449323,0.002614519975356118,11.516671840240964,26.746644343206885,113.80075993857596,1368.6129955128715,0.13301927317674134,0.22901674634054328,0.27112926584851343,0.20926688741484048,0.29378066454166474,0.10016838609355261,0
18.303291158348703,18.581641392208436,99.89961556263015,752.6284444270852,0.08643265770535453,0.09880245341835069,0.12447579465999173,0.06816052275545162,0.1670694470544135,0.06419516882005512,0.7772929192340043,0.4697902232115415,1.9565258483156935,32.190315697193824,0.0032453946860058376,0.014237818201409774,0.021767436028679626,0.01389754340404717,0.014091330320985106,0.003324275193928294,7.994329136815866,17.775320704856803,78.70255750131491,469.6020226594547,0.11212866840772498,0.3194617584103093,0.0,0.18300853942568923,0.2968878884313393,0.056458792273328874,1
12.571608306281378,18.59740953440859,82.5978015603905,1103.1862782730195,0.10998110129772662,0.09104086143536855,0.11968821329739983,0.07397878766127403,0.18318517118724637,0.061961900467518996,0.4135104653411461,1.1696728548469801,0.757,35.37705968321612,0.002667,0.03439875473809127,0.02543168365943202,0.013275144958640614,0.014745631351281228,0.0009502,22.031605389297432,20.4522227701284,176.02442811058054,1922.6845475164341,0.18347233788531628,0.11217790681808142,0.35944697780894536,0.12882885559850546,0.3207843805914829,0.10301399062386987,1
13.409999362093517,12.596667164724145,60.98736230176259,282.73720213769303,0.10381277029465673,0.12867832379016725,0.21103122888438985,0.027330772816482288,0.17616248083002697,0.07022520982524616,0.4657374043357847,1.630051638746298,5.80483574514649,6.802,0.009730575581097953,0.026878382750244165,0.00995741031117718,0.0036321736874598996,0.014925589997850755,0.0029825872341030612,15.734923663324208,30.157411246318574,120.19332132150969,1220.9544388422437,0.1388259915855205,0.21545831522294925,0.21290468161577047,0.06045860838396599,0.33190003629424025,0.1052792566085553,0
14.640877294493745,20.495099459112875,47.222875258286784,465.07257850246214,0.06429,0.11974581396570436,0.1549024296257453,0.06936587535900875,0.17484443644873926,0.0625866188951117,0.4653563076223222,1.2612270284627318,3.480049139556509,10.34305594416162,0.007644574621306977,0.021783685713320525,0.046892658046029274,0.012982861295035427,0.008677412201236924,0.006395545277198618,19.641250294441754,19.09292131524822,163.01028911555528,556.7076753986433,0.11379920850915566,0.21368911247306646,0.5090848507405231,0.13533775609347967,0.2305936599886611,0.09253307953890143,1
11.18241368857741,19.94771013236333,78.04862874601072,901.5810193537803,0.08728295461961293,0.0265,0.0971737655250991,0.025671165378921917,0.1578668094699895,0.06421888374209637,0.17837898822207973,1.8452929822273025,1.2269925219956912,80.37048520577653,0.007356117637206701,0.03928209211257387,0.03342407351547132,0.004460374785978184,0.023433412442954334,0.004811452920196222,17.565913180227852,28.917499351341053,50.41,287.3179874257632,0.13534931485640783,0.4258108158020644,0.03171081969817398,0.0,0.3406760112789794,0.12798105075192273,1
10.082776695469999,23.70182188989822,78.5930563844169,1124.7373036280237,0.1235419021375867,0.2106255941170635,0.10016723660658837,0.05104771682727134,0.17355519643459066,0.06152027590153409,0.1115,1.2691252742088888,4.868573224834167,6.802,0.007229191422022187,0.03809162104682831,0.04274265004867064,0.01922396724278458,0.014378044291076635,0.0010128993180322256,24.32671091878106,19.830966049545996,91.05684986824537,1560.2684533315992,0.15700868192036013,0.49632644374862617,0.1789385422372124,0.17073062131794683,0.3236085593666415,0.0851017998024811,1
11.674744490035344,20.314319776803927,117.1447002621622,549.3144918947128,0.10562581856328135,0.08235960464923453,0.03299706583334476,0.025991085774008382,0.1543230058773164,0.05946463440506163,0.1115,1.4520680655287999,5.369627283531529,83.39899949306404,0.007228554676011139,0.014233608068561086,0.06462996895738786,0.00863711497495801,0.03053353991302321,0.002615294518797649,14.882336945093869,23.840194763454857,97.73773536453321,331.0191179738285,0.14273255701359883,0.24308121907358152,0.05771353393746413,0.05552730318349713,0.4056733937357165,0.11306060645926086,1
13.895258475190605,19.918992551573805,57.81205199971912,143.5,0.09308883300890118,0.16652988355076936,0.07978667621008287,0.05435255757525301,0.1946633828105889,0.06063817825502311,0.1115,0.7885832784292689,2.82263514382818,6.802,0.005865049336824589,0.02606842353384673,0.07330354718221531,0.006244449068353779,0.013251438411898183,0.0017599315054323574,20.42196012461207,27.932802568994454,73.1157620586243,963.5532435181084,0.13495493163064554,0.2927449251517211,0.14170410742752906,0.21013417114836477,0.27270871637057037,0.08070071619518662,1
11.436970004517287,21.37758461912244,56.966652018907176,1057.9745427365153,0.09139598742737358,0.1166073778932882,0.08757256285137553,0.026637756914299007,0.2001276072846303,0.06297550711593088,0.7194110612352229,1.5649089633774103,6.5261200554734575,48.34341179751134,0.006168309728111472,0.047856067271594284,0.03183423739125117,0.016583081557241603,0.02217465932418658,0.001741057240734984,7.93,29.024982997106605,77.16214610990473,883.1890370747469,0.15452471181720825,0.5318045915767443,0.0,0.031174078323316572,0.38983664350907876,0.12495304979668492,0
14.30237587883603,21.723680661577166,45.169136472456906,805.0065274327851,0.10934536122931687,0.17055726649315217,0.10589611668764755,0.1072782800490456,0.20601840229964508,0.06058267412198259,0.1115,0.642199445216675,3.91216049692918,29.737331840794898,0.002667,0.024145854498832196,0.014064047802025206,0.019945440549621357,0.021594608999948264,0.006147266205537748,16.78588967500075,32.54679449232305,129.77736250044177,1485.654546654467,0.1014324624345633,0.4639965728854979,0.4756287553433082,0.15796559691094803,0.26693967904239,0.061842276396291716,1
14.031814633271905,21.001269381231886,80.0459578017719,662.2243720342932,0.1204411290441419,0.06266101280538629,0.11168113039538241,0.12013391521758457,0.2115004510809526,0.0548624741240745,0.1115,1.04189424653993,0.757,76.98131554626472,0.0026826846938360275,0.03835008896512982,0.044603428822838916,0.020468715324978164,0.017586704702953083,0.0030004353340842486,22.954268316493422,20.18051698949775,121.8860933975059,1093.800824141618,0.15523252356034029,0.1098164808368194,0.010316719025987965,0.03564520051107385,0.2729655800245047,0.08201410002209586,1
12.729581559040655,23.178570277796748,98.5327203989115,655.1603689271495,0.09770704380647956,0.15513316197636798,0.06461295796988341,0.0,0.2453538780522881,0.062323125450361005,0.3023056943988442,1.5395083758739196,4.259199552465705,51.53571660023658,0.006498807011373257,0.02000570033005462,0.0,0.018741419675623035,0.008238762146769033,0.004150194388834419,17.47071758657792,22.160274098269078,94.56207057147195,1301.9774917239583,0.13364954272045537,0.5442657213816057,0.43309285906662964,0.13844529201176223,0.3263866805653308,0.1149009842375014,0
10.778207079299383,23.638140702068007,80.40606333140855,798.5863347100892,0.09601232639009613,0.0265,0.0,0.01038869250753584,0.1719869793233014,0.0512748950229018,0.5040640649920399,1.832668604111966,1.6881644622496068,6.802,0.006394158953860047,0.02011860356996585,0.04987847354626257,0.020323759019928597,0.007882,0.003631407652010528,17.33546721025674,27.107527218892965,101.97836258889787,1070.5947790713064,0.12980587108686195,0.2682509712794785,0.04138860481182951,0.15695166269227542,0.35257401188575094,0.07636513797568094,1
8.148939680884181,12.565822423808259,72.57101837754891,632.8646069627729,0.07460352364952148,0.039003989794412226,0.20102681082220325,0.06510379477764158,0.2088888121901018,0.0638114252157954,0.5473109873450236,1.470163354045825,4.2579130939965095,49.25239355230964,0.006616256680807524,0.010216898041250191,0.07562248837980841,0.008478892803140355,0.007882,0.004120520086832282,8.98097882218123,30.189516283531866,82.85919241573139,881.4677882015204,0.11247123606844273,0.04327,0.5041833651210591,0.11000972460664274,0.3288277528914658,0.12905893302596094,0
13.542343862170743,21.27398358560806,124.45080115662387,898.0277487775695,0.08054763051300282,0.06824658749588296,0.0,0.08140346754476611,0.19731630332722458,0.07086282121067153,0.328171173674656,0.7928859747738211,4.412217893354135,6.802,0.007770640372655771,0.015431799705086853,0.047102300891776354,0.011312735925130974,0.012542944324505222,0.0014555336999824693,14.579289356886113,28.088553544521737,139.50148102586385,919.7337152121596,0.17607782743268655,0.30533736994451877,0.11603294339561229,0.14170534547072278,0.2168857103192641,0.10368788537882398,1
11.27474576197239,19.310836027776542,70.77749530330864,150.88965572933512,0.07725518663167961,0.10138038439949644,0.15502350457098188,0.031174588471670147,0.19570226993968207,0.06218983505997198,0.26535142240333537,0.6316228318139838,2.0521513193200502,44.90470990756127,0.002667,0.018905643129806644,0.024350603457415024,0.014007680333031803,0.008129320940473377,0.0026755740740751536,18.427230085990637,39.97610126050081,91.71668974610631,821.8395245413276,0.10779117100171912,0.4632539511685758,0.6579303071414705,0.04929108631188304,0.346383562682245,0.07211934022107146,1
16.588449955260327,14.59580432293397,96.54136795686442,807.1181599195154,0.09715622831676676,0.13645663723366872,0.11750697985142754,0.0,0.14261333212582392,0.04996,0.8453387435426042,1.103217406392029,4.365832374098421,42.60092653167692,0.008480888682381024,0.007530905889321843,0.0528447600701818,0.0188861482558099,0.01871517692978887,0.003419327222120621,16.573556895825423,32.176302834670345,117.37448592532598,185.2,0.11666245169526052,0.41854656400257356,0.40098590044572985,0.1676140349336776,0.3153856325331957,0.061851911164373566,0
15.358511336313162,25.324792575148333,134.52236665498393,271.46749229072725,0.07335007071625409,0.06065729578475113,0.0789610336564527,0.088118400397531,0.1382442361527158,0.06139938846025206,0.1115,1.404291202086506,0.757,12.14156866683163,0.0067591730374565746,0.04987171542645576,0.039727367503632045,0.0195561449181213,0.007882,0.00515224608441796,19.44841479625948,32.52337808696797,200.74844631691934,449.10086985228094,0.1496191671898881,0.3514217083092798,0.6532336594599121,0.15543051479388037,0.35644336462160997,0.08482443743386396,0
15.339116755544815,27.549169518771752,95.89456313126908,501.2749827530984,0.07628554668986376,0.09470191216619712,0.0,0.020212920099157365,0.16406098940875172,0.05891442615992244,0.1115,1.5541785360702747,4.095923453456666,43.73960466481479,0.005264962523652486,0.028892986444895307,0.034957398390798866,0.011457827890826456,0.015144318933689822,0.002258705680289978,26.86098820773546,22.53108368619005,75.48163411187,1544.251135061432,0.1188524093664267,0.04327,0.6720749005616395,0.25689008153960086,0.2717833997294589,0.066163257110156,1
13.365055271601014,26.12564308325067,60.48532996057309,417.20018747707775,0.12371716012812806,0.06533297444487098,0.1190781583111958,0.05728339394582953,0.18070136496849618,0.05485065188091221,0.1115,1.6263725897733337,1.2297843005170992,6.802,0.0041160910301702505,0.015423355140496345,0.03475967705071687,0.01492175220434417,0.031590038890286797,0.0009502,21.188151499670404,23.67591904326786,90.6583015077589,995.7054521633011,0.12403704310460772,0.12068957388082316,0.20737683271168056,0.06193469255542412,0.3328683537528057,0.123209315276746,1
12.693977872909622,17.33171298987552,110.12633388935902,429.18347831810314,0.09664146316452293,0.12780933050730872,0.10615445515893333,0.04052470066306944,0.2120111439896158,0.06257548866865671,0.35716267877718344,1.2010902259343472,6.296045978862235,6.802,0.0036022545178667985,0.01677277799667262,0.05879965822816812,0.012271017866076662,0.019467799042150083,0.0051813715908609805,17.512432671231736,25.498884240499684,158.8409500476229,970.2494602156795,0.13165784594080043,0.34701682372831555,0.47182850647032426,0.11516745201476054,0.2462540004943026,0.08710112522027451,0
13.447843679943645,17.777633901213466,122.93571383290248,419.1350114940705,0.09352766961246489,0.16355052860835687,0.1839306764980835,0.036533892239823104,0.14353674920377865,0.06320762635283277,0.1115,1.1517093699119552,5.107515194472273,27.158439800256726,0.005323032083975631,0.02728219618128737,0.032283369387846574,0.01330685156646096,0.026910801462403988,0.0011833135023110643,11.142167564798594,22.44060595702473,164.70975277214498,243.66191876366904,0.14568510967867923,0.09221265320068968,0.5079850471282208,0.2150938494360274,0.2720099202491541,0.0976727425138003,1
21.875402394782434,19.756647971202362,75.60859753804955,143.5,0.07886699316414172,0.08807695822827973,0.10185053222485327,0.006991834265212646,0.22754639184827274,0.060599333949561275,0.1115,0.9685873160114088,3.5022757676242904,28.94009977953564,0.003534101624898634,0.03214705872157459,0.008042895690586263,0.00906221266693747,0.012890167210521043,0.005688651002004285,7.93,30.29663462634502,150.82083748157424,1046.9208075483737,0.11380359425909804,0.21991095482402231,0.6992168871787091,0.0705198226329168,0.3609977186662996,0.09058790278530562,1
14.55137774349404,14.03122408967649,52.13737785352316,1302.8832058158866,0.09729008179405593,0.1584456498375288,0.08703548848049164,0.009296093690565664,0.20553246095698963,0.08121219330843554,0.24709451760812337,1.0623424519388018,1.7604324729122571,56.545705478598805,0.006967570310403779,0.01168236758469804,0.013840334301169063,0.014165135254925961,0.008178087678566847,0.001648910616810466,15.035597528074199,29.61824676386546,98.99761832478939,1038.8462203262486,0.14018092261535972,0.29667662105596754,0.13708297319693435,0.08188422205041355,0.20040509273000184,0.10413427732833139,0
11.908398261501121,22.308669119628178,81.84034216291192,323.7474075935294,0.09165581139565251,0.043558271330878855,0.0031145071290486098,0.06847961501806744,0.2030270618158842,0.06656568101807213,0.1115,1.4748867746779795,4.322477924727814,65.04032809595003,0.009548056967075159,0.023341427043688436,0.04243219452341639,0.015310478774388432,0.025889897242862347,0.005227368552293146,8.38163754943779,27.800780501810895,108.67057616986693,1116.5811620855623,0.13331438999550932,0.36107679347646443,0.5787364000749222,0.030898867710780886,0.25388848406899933,0.10104579366391282,1
12.584976983936249,18.092294202024448,72.23357337149793,1754.2504407260578,0.12412718793075014,0.1605675883150642,0.11813854172244376,0.07916783769528399,0.18534274819617794,0.07462596960258348,0.41725072755895226,1.0034412483510715,4.708696928685721,6.802,0.007917416385276363,0.02130757664846246,0.02474972026067401,0.010460645694906023,0.007882,0.001356658193524064,14.638001592382313,24.623696626059118,123.32714033366446,833.1339975691883,0.13795322843984936,0.347073536308368,0.7036072857320691,0.14727294598289423,0.35915792946424,0.10814028228372477,0
12.308783396634631,23.03516584320989,80.83241452978153,452.00748897662635,0.0921977531360552,0.15225262092148284,0.052223412618039984,0.0,0.18636424746643462,0.07769930005342099,0.16110723796222554,1.6861416532410378,3.9886718937853685,6.802,0.005712510761637919,0.00371,0.03199984577587143,0.0004975868795346571,0.014230917772673584,0.0033945912245791085,11.941174098125051,18.341370813757614,96.18180618518993,939.4093149244761,0.1509631905526869,0.3529902499995243,0.6284916760398905,0.1404951941325729,0.266094729979925,0.07899186141876348,1
15.96993219095614,22.42663305122897,87.65702584967416,681.0309765813334,0.11284581519918348,0.04404612826073503,0.17693393329234772,0.018336062111906696,0.1443224858042889,0.07010773362767686,0.11288118052362377,1.32099782118489,3.0311926350822636,85.96843343874794,0.00990244668108651,0.055720858415881584,0.023920475060679697,0.011667529691563839,0.02402994749074581,0.001835216613763195,16.222554618770538,30.371929892212716,66.86433516689797,2516.5253025459306,0.15817503582991035,0.6138805240755217,0.1380759370247338,0.08459728512412701,0.34560212106812194,0.058445296363758,0
18.219214294744795,16.75818936913451,95.92633756004767,143.5,0.11793195883359682,0.05427222479759739,0.0,0.09761368158604754,0.2367691204898505,0.0633576983708754,0.40169684477015744,0.9532548586057797,2.746269414742553,74.13702239489334,0.006524452251966003,0.020866607582684334,0.03065509196295681,0.012060330458778835,0.026963640886838662,0.0045127791333759324,12.224546003788783,24.56135285612917,124.95416914070545,185.2,0.13938081236881067,0.24228306191656002,0.16203544558877453,0.09259284383690664,0.3528295711136618,0.07673151730553306,0
20.214946837381834,27.687827459136372,79.79607815315401,727.6219400683209,0.13027321074817283,0.19360529073609636,0.08269186274394212,0.1092722598257448,0.19062581009878943,0.06559104027108163,0.9696006042207697,0.8170507121735152,0.757,33.24173915030573,0.00984055847489198,0.0060953627010423075,0.022484962560431518,0.01869781957033287,0.016116783291908104,0.0016682197190389441,7.93,32.50973981501983,63.35995700202639,398.4881215180915,0.13696115493932742,0.0897168453583645,0.3308054433417333,0.12873512831273123,0.3096691017140834,0.06329022630794874,0
17.615870071243524,17.185741601033303,65.32604604535601,706.0741226911142,0.09289820731702983,0.05793991442975326,0.044211176494193115,0.08723069930719936,0.1897253240666843,0.05534467654201359,0.15769407147701917,0.8871930217557236,3.8629305839029784,74.81414036601467,0.004277764283546008,0.056830071052053566,0.0,0.006306084877011173,0.007882,0.0032399371213244314,14.681525186177998,27.376413977729218,76.27092360034955,890.6818583761736,0.10890333509678893,0.4283958279745739,0.23030002891763685,0.18570410094064366,0.38858212092840894,0.08420933025202157,1
7.970479846625924,17.922478764151393,100.18367570848687,337.93943829285064,0.11127942595265755,0.0919633170388456,0.02620105198200885,0.10068664197003017,0.16205607080489445,0.06549829071533661,0.5884604822986423,1.1088678699050958,3.9684713584864517,6.802,0.005898033655147078,0.03148585818425071,0.04354734506074159,0.00436280899658434,0.010789041568785816,0.0067673870600509604,18.579747735144203,20.41355072922498,86.14367952503628,1826.6334848057993,0.13184732582544806,0.44816597207071796,0.07040476254169974,0.26362017075690003,0.4515691574468291,0.08423006242873271,1
15.047100863202466,20.764506446833817,88.49226542908464,1021.887425681596,0.09332906346560188,0.12386912846982928,0.13931936449625731,0.11808705336099162,0.19078942224122278,0.04996,0.13344893834783764,1.7998035079806107,1.8174686606195471,33.26255673793397,0.006341477495139538,0.021754374870330998,0.018177027417137247,0.02420968783810619,0.01777860623597433,0.004153037172768605,13.175279976571073,28.091625614492532,81.83792902006901,1446.0848871696942,0.13143828744387284,0.3460582779852917,0.28518270006541885,0.11951368710999966,0.3630870544221497,0.05662872603221515,0
21.73156270364553,20.56077502087562,65.74916759080097,442.05717879338215,0.1005544766536205,0.09731549431706732,0.16487141541216654,0.02202211684717537,0.20817498278005947,0.059715212499021154,0.1115,0.5840502450040873,4.4470081359358735,127.67255247009649,0.0052999116450651316,0.029069989846997168,0.05462286086672944,0.008803166883522177,0.016416556730043268,0.0052893453668757875,19.56356699876633,31.115405543002527,116.68157711171557,1140.2300768913035,0.1327598358564879,0.17822785774147937,0.2604145482089606,0.12472321049516337,0.31494495511069487,0.08452549070313602,0
13.485139108531111,25.677273927903,74.54818676694696,1006.6212216118015,0.11712368932002203,0.12246791996240063,0.12067095135914706,0.061532516061563715,0.1944888177277874,0.07038710186374095,0.1115,1.5341159261849011,2.2360697530912303,6.802,0.008398269782295414,0.02439724709249893,0.0753449832338696,0.012776327527243175,0.02147249894671125,0.0042508073014369645,19.225636253398385,21.904281094050354,61.74941880984347,952.8977264698146,0.12329123173096801,0.09076631427497053,0.5099110557691301,0.11730254555348776,0.24529453833395248,0.08060933603544004,1
11.10277150806592,19.58614708172823,128.5842153842669,1885.3667481803088,0.07706176916448164,0.10896167937410207,0.07804980431520776,0.06465218709131879,0.19281625563339294,0.07704724931456614,0.1115,1.5729004058880285,1.8248391987771997,7.013622341803577,0.010454185637446099,0.017327282575670764,0.07262019348519794,0.019142410730663254,0.007882,0.005081519887143246,19.187294867464665,22.47417100150308,147.6220736285664,704.393485861915,0.08409,0.4291171127665738,0.520941601511084,0.189754728552449,0.31642326479151917,0.05504,0
10.834490895566224,21.335950945278707,77.57327321369627,963.5801392524841,0.090053963558165,0.0316993939300296,0.06798238248319631,0.08306283122810264,0.12458882488404581,0.06244147398042579,0.407685474123397,0.3602,1.5216889251778882,6.802,0.002667,0.013651066554904572,0.012946875363293708,0.005678505940924997,0.022951849281746567,0.004202510272256629,8.09150212094741,25.744059587740963,121.81768554489956,349.9749845370136,0.0970813054024907,0.2037970359823671,0.3790190000347447,0.10938772504061198,0.26727514255874973,0.07177943241820203,0
15.748210397279475,25.629603041770498,61.12873915285758,679.8468703783547,0.06959901223852327,0.027160170554771212,0.1851215556981515,0.04137435951802136,0.20343443567135633,0.06472158338731834,0.1115,1.54004653795319,4.530402466634712,6.802,0.011627063660882673,0.05872292521613041,0.014278485036064032,0.004643841391345822,0.012114714872677354,0.002874763555241019,15.507231183552495,24.30539473016257,86.001031564206,1826.6857102775139,0.12932743949750272,0.23479033925540732,0.8460830180043809,0.2215107438102095,0.3727462012290279,0.07053358984694957,1
18.898743433215834,14.020183196070855,75.02279721978947,143.5,0.07778978872780383,0.11805356730954665,0.08963426483129527,0.05703571197014281,0.13002110071648634,0.06342271736341575,0.39926404422919815,1.1143798185146012,1.9435606878226572,6.802,0.006372511310924624,0.06228528395942206,0.04926310920995387,0.010400753034972786,0.020904882433019075,0.005099892987487967,20.23845597378408,33.417882978283195,102.26390573108037,471.2508229470878,0.11672672696329213,0.639487464670707,0.5241495734220227,0.07646277325234573,0.1565,0.09831801439822316,1
11.697422245573167,18.6555719947497,85.43619366653068,517.6322471646483,0.08893264806467913,0.1908767296894086,0.1684664853406873,0.05108801991841399,0.20010276145988493,0.06450826859411396,0.1716002727940673,1.7592285087762,0.757,50.485806386663036,0.012868144806733813,0.031780397518318335,0.0,0.0026943480964007134,0.029965960373115132,0.0020629263430530626,18.573172134446086,21.850879470158922,90.7501137533648,1129.6060773268334,0.1479582496875844,0.26821621172660093,0.1635205412394825,0.1295395372962689,0.2995513703915842,0.1087781693446507,1
8.616829833775874,17.760663565877792,45.419918214579646,460.36351580265404,0.08331504443329853,0.0265,0.12961862783897266,0.0381521893152722,0.1759428310365711,0.058561006909397355,0.6690241921055916,0.9815327558369334,3.928879189292477,128.62452959954322,0.01114351282200091,0.030448260417864085,0.05313004484612158,0.010305004325562212,0.023743654770590084,0.003051761310625277,20.93013012236949,25.833051843147125,112.85711667096353,185.2,0.13964150799252187,0.2511281540902065,0.37654825899286204,0.041581245051881134,0.3172781469934637,0.09689552932940487,1
22.30614690869011,25.02919850302741,67.22355982727068,446.970926510427,0.08039913347196942,0.17000139590694532,0.07567086952712285,0.0,0.1747188832964474,0.06060142278850389,0.5513517915936709,0.6510123196733738,6.652177771678262,50.82623708920609,0.005383478720637845,0.04696276871323947,0.05305108883172956,0.010505798863146357,0.02849092669196248,0.0013371366936447712,17.847001980680567,25.644618974709516,111.27606603585522,198.59616246472336,0.11716101219938209,0.37115144263734506,0.04827314451225981,0.20129727940724265,0.36203267299176956,0.0931312931701337,0
17.97044420690698,21.47969315189295,94.02299320515381,1560.2954751527113,0.09787161284239719,0.07514959953153433,0.1600644751743906,0.15527925064311024,0.16071310803071295,0.07256622896064274,0.3794283764625483,1.4742472167734904,3.239665874698872,114.82536763150279,0.004636098500344865,0.008836684974640997,0.027498941709498008,0.01136645895414287,0.02262774382983547,0.005990449283378129,20.386254414419156,20.370154378670694,88.48143528067556,1769.8673343451153,0.15178338652263473,0.20911589352216778,0.49617109449937286,0.07835578614362876,0.29006326388779674,0.10302200068151221,1
17.03944052435467,18.3081317538252,72.57628920882458,705.0901368813293,0.1169582921350864,0.1245893865690832,0.026243391833161697,0.03744791291707148,0.20558926290246676,0.05080265183829326,0.35277661707769736,0.6737990408587827,5.272407183547504,74.89112753484586,0.0037652333740073817,0.030706265496896555,0.03735351418291513,0.002172948019909571,0.008812455559503407,0.004079595466606136,15.367857619862978,29.007271581581275,87.01655562098026,500.55858929594393,0.1522219007057683,0.22630121954998128,0.26206154545288146,0.0,0.2945397524013458,0.0767599256761123,0
19.4262073866871,20.405748665293736,102.77716064503188,143.5,0.0817399703197914,0.15985611750857426,0.253107244272683,0.08357282313446335,0.15595844124767885,0.06321319758335693,0.6021669720812437,0.9777377770428469,3.8121764180748414,55.767746433358376,0.01333911125587548,0.05126110232334129,0.04578816476589256,0.018902789910062053,0.017337509270106535,0.0038897602006285094,14.805070151565612,23.572601928343648,111.53281948782258,1813.6826164507793,0.12273873591534569,0.5074194608234223,0.2046156811821175,0.12299378380520623,0.36311525028222386,0.05504,0
13.312441827353345,12.961997520500105,132.45208980622493,359.09166327316495,0.07697650089829015,0.09633743589635119,0.0,0.040987332176921826,0.18961576304882705,0.06558386787762867,0.43031235848157917,2.0325580377868113,2.5402651946253427,6.802,0.0058768258063526075,0.021483510222194337,0.001453560026674702,0.010796311513323067,0.01314070847929664,0.0035859411504260267,17.670993264408168,25.396195138969098,103.3483074458038,1577.7716434231093,0.13349471380124284,0.4232451610887854,0.07213411356149278,0.16279975387346027,0.30015343416424956,0.05504,0
17.506911578945644,19.48629281342611,90.72032349554628,402.49164620561436,0.10971073488675827,0.0808633663085705,0.09518018686537302,0.08145319553944652,0.16224615807999163,0.06170874117544071,0.6263590026937166,1.8208244219772116,4.676793485175299,6.802,0.002667,0.03138020319736513,0.03189326670242857,0.001649637859472182,0.018931332901711673,0.0027472992671032878,12.879555514814966,23.476806782755197,105.65722336395092,1248.3141082520183,0.16538208761910425,0.061384470147227865,0.20332680001588585,0.20461560815759217,0.3171025074855168,0.10969251958074898,1
11.257592943477833,15.469498512015647,139.5220659290127,891.4206486817221,0.08316604387388932,0.0265,0.18180863869888572,0.03213575701421906,0.19354520589562416,0.06470040247444503,0.6894716886024854,0.9928473643604784,7.053018979216583,6.802,0.007995859961891456,0.03856192985020299,0.0674663036550964,0.01592690415355417,0.025432812780464876,0.005241988343384574,20.328756540376393,25.407419149210455,69.3121831947373,879.4408857374181,0.1892974840494318,0.1854131856168035,0.20624006532501954,0.0775448368178852,0.22216439286344403,0.07741893980003837,0
16.055448655549185,18.679496581560986,67.2307347249061,420.6485463528372,0.09895704692890034,0.10737279989280382,0.016202312759790418,0.0,0.20602133892893376,0.05699532770243135,0.600131015251482,0.6286027319639705,3.252572084739686,91.86293548847911,0.0064123036479619205,0.029920598793555367,0.05587379084501471,0.013517736079995788,0.01772506964218603,0.0029159487642658128,12.096389819463749,25.64467990445459,87.68259938819016,925.0678293983824,0.13937638350158912,0.04327,0.0,0.11040765180712607,0.2402103803026129,0.12421195947231198,0
14.49510075937438,22.028504316263096,59.28576978179505,143.5,0.0891756838604852,0.10213881525509899,0.16916136671537368,0.03175013711497419,0.1874241736721364,0.0654709081504524,0.1115,1.1127539638054926,0.8940662514947632,95.35135094124016,0.006001476243598466,0.02128342779718861,0.04462142652634693,0.020851527327880245,0.02407467863552498,0.0021961251483742354,26.096667781703562,26.83118689886093,124.85567182211123,1380.0976190824413,0.1458951054413742,0.3937909087729366,0.0,0.09442399966845896,0.2766428640979653,0.06165877416364613,1
15.126986996638289,24.994293139247294,61.27874148692736,871.644867628664,0.07316256637119894,0.10320680736008266,0.16161819420808585,0.04601777927518795,0.14747427884564157,0.0701818626472298,0.615129911735132,1.550156085040071,2.9777636865559995,23.206115523190118,0.005053382698839313,0.019365534996454836,0.023589149871428565,0.010687260300104834,0.009889534314797787,0.0037519297089173603,18.502681560279715,22.748857667466638,161.92828690051695,1113.3030505484617,0.1528596223756695,0.33286103156414193,0.3563378636827631,0.14725439921991557,0.3277518303114262,0.1137107229114895,1
18.046011920842083,21.38520165869075,96.73998839432264,968.7337590847997,0.09111909148742318,0.11658272712755254,0.0,0.04995352193910275,0.14778188029022074,0.056654201374450215,0.48008971090607855,1.6849269759281427,5.3043373515760095,101.17073934455448,0.002667,0.05710748792415925,0.005017904289918847,0.011928339354820707,0.0206867138499669,0.004663514014077809,17.565212317604676,23.959812360484293,102.1529240416445,667.9502285936062,0.08409,0.41504928274253683,0.47833864237779916,0.14195370507547042,0.37844676829924195,0.07835249772933145,0
15.300490958307778,25.362082416961687,113.18589419625077,161.00833173670628,0.08741573571875833,0.07550196812678066,0.053850829037330177,0.1022629819205756,0.1847945256827159,0.067017231350263,0.39093680524528923,1.1261480425313013,3.1201623435110215,7.073124755255924,0.0070571545507540235,0.01244015198817868,0.0731601872806592,0.002527894401943087,0.022847745946761946,0.0072911902305114636,21.01780683112666,14.43476047300934,50.41,859.9346091253997,0.15078672530401982,0.08786990971695458,0.5005811436479902,0.06640052476246798,0.31870789433024554,0.11139654415633694,1
